タイトル,質問文,回答文
タイトル1,"質問1つらつらつらつらつら
つらつらつらつらつら
つらつらつらつらつら","回答1つらつらつらつらつら
つらつらつらつらつら
つらつらつらつらつら"
タイトル2,"質問2つらつらつらつらつら
つらつらつらつらつら
つらつらつらつらつら","回答2つらつらつらつらつら
つらつらつらつらつら
つらつらつらつらつら"
タイトル3,"質問3つらつらつらつらつら
つらつらつらつらつら
つらつらつらつらつら","回答3つらつらつらつらつら
つらつらつらつらつら
つらつらつらつらつら"
タイトル4,"質問4つらつらつらつらつら
つらつらつらつらつら
つらつらつらつらつら","回答4つらつらつらつらつら
つらつらつらつらつら
つらつらつらつらつら"
タイトル5,"質問5つらつらつらつらつら
つらつらつらつらつら
つらつらつらつらつら","回答5つらつらつらつらつら
つらつらつらつらつら
つらつらつらつらつら"
タイトル6,"質問6つらつらつらつらつら
つらつらつらつらつら
つらつらつらつらつら","回答6つらつらつらつらつら
つらつらつらつらつら
つらつらつらつらつら"
タイトル7,"質問7つらつらつらつらつら
つらつらつらつらつら
つらつらつらつらつら","回答7つらつらつらつらつら
つらつらつらつらつら
つらつらつらつらつら"
タイトル8,"質問8つらつらつらつらつら
つらつらつらつらつら
つらつらつらつらつら","回答8つらつらつらつらつら
つらつらつらつらつら
つらつらつらつらつら"
タイトル9,"質問9つらつらつらつらつら
つらつらつらつらつら
つらつらつらつらつら","回答9つらつらつらつらつら
つらつらつらつらつら
つらつらつらつらつら"
タイトル10,"質問10つらつらつらつらつら
つらつらつらつらつら
つらつらつらつらつら","回答10つらつらつらつらつら
つらつらつらつらつら
つらつらつらつらつら"
タイトル11,"質問11つらつらつらつらつら
つらつらつらつらつら
つらつらつらつらつら","回答11つらつらつらつらつら
つらつらつらつらつら
つらつらつらつらつら"
タイトル12,"質問12つらつらつらつらつら
つらつらつらつらつら
つらつらつらつらつら","回答12つらつらつらつらつら
つらつらつらつらつら
つらつらつらつらつら"
タイトル13,"質問13つらつらつらつらつら
つらつらつらつらつら
つらつらつらつらつら","回答13つらつらつらつらつら
つらつらつらつらつら
つらつらつらつらつら"
タイトル14,"質問14つらつらつらつらつら
つらつらつらつらつら
つらつらつらつらつら","回答14つらつらつらつらつら
つらつらつらつらつら
つらつらつらつらつら"
タイトル15,"質問15つらつらつらつらつら
つらつらつらつらつら
つらつらつらつらつら","回答15つらつらつらつらつら
つらつらつらつらつら
つらつらつらつらつら"
タイトル16,"質問16つらつらつらつらつら
つらつらつらつらつら
つらつらつらつらつら","回答16つらつらつらつらつら
つらつらつらつらつら
つらつらつらつらつら"
タイトル17,"質問17つらつらつらつらつら
つらつらつらつらつら
つらつらつらつらつら","回答17つらつらつらつらつら
つらつらつらつらつら
つらつらつらつらつら"
タイトル18,"質問18つらつらつらつらつら
つらつらつらつらつら
つらつらつらつらつら","回答18つらつらつらつらつら
つらつらつらつらつら
つらつらつらつらつら"
タイトル19,"質問19つらつらつらつらつら
つらつらつらつらつら
つらつらつらつらつら","回答19つらつらつらつらつら
つらつらつらつらつら
つらつらつらつらつら"
タイトル20,"質問20つらつらつらつらつら
つらつらつらつらつら
つらつらつらつらつら","回答20つらつらつらつらつら
つらつらつらつらつら
つらつらつらつらつら"
