タイトル,質問文,初回回答,2回目回答,3回目回答,4回目回答,5回目回答,6回目回答,7回目回答,8回目回答
◯◯で坐禅ができるお寺,"◯◯市内で初心者でも参加できる坐禅会があれば教えてください。
開催場所と開催日時も教えてください。","◯◯市内であれば、以下のお寺で一般向けの坐禅会を行っているようです。

▼臨済宗
・△△院：隔週土曜日 16:30〜
・□□寺：毎月1日 6:00〜

▼曹洞宗
・◯△寺：毎週土曜日 18:00〜
・□◯院：毎月第1日曜日 6:00〜",,,,,,,
◯◯で御朱印が頂ける寺社,"◯◯市内を旅行する予定です。
寺社仏閣巡りを考えていますが、御朱印が頂ける寺社があれば教えてください。","◯◯市内の以下のお寺・神社では御朱印を頂くことができることを確認しています。
※場合によっては、頂くことができないこともあるかもしれませんので、
　その点はご了承願います。

▼御朱印を頂ける寺社
・AA区：◯◯寺、△△寺
・BB区：□□神社
・CC区：△□院","◯◯市内の以下のお寺・神社では御朱印を頂くことができることを確認しています。
※場合によっては、頂くことができないこともあるかもしれませんので、
　その点はご了承願います。

▼御朱印を頂ける寺社
・AA区：◯◯寺、△△寺
・BB区：□□神社
・CC区：△□院
・DD区：□△八幡宮",,,,,,
◯◯で除夜の鐘を鳴らせるお寺,◯◯市内で大晦日を過ごす予定ですが、除夜の鐘をつけるお寺はありますでしょうか。,"一次連絡
確認いたしますので、少々お待ちくださいませ。","二次連絡
確認できたお寺より、お伝えいたします。

▼除夜の鐘を鳴らせるお寺
・AA区：◯◯寺、△△寺
・BB区：□□神社
・CC区：△□院
・DD区：□△八幡宮","訂正
確認できたお寺より、お伝えいたします。

▼除夜の鐘を鳴らせるお寺
・AA区：◯◯寺、△△寺
・CC区：△□院","三次連絡
・AA区：◯◯寺、△△寺
・BB区：□□寺
・CC区：△□院","四次連絡
・AA区：◯◯寺、△△寺
・BB区：□□寺
・CC区：△□院
・DD区：□◯院","五次連絡
・AA区：◯◯寺、△△寺
・BB区：□□寺
・CC区：△□院
・DD区：□◯院、◯△寺","六次連絡
・AA区：◯◯寺、△△寺
・BB区：□□寺
・CC区：△□院
・DD区：□◯院、◯△寺
・EE区：△△院","以下のお寺では、一般参拝客でも除夜の鐘を鳴らすことが可能のようです。
詳細は各お寺に直接お問合せください。

▼除夜の鐘を鳴らせるお寺
・AA区：◯◯寺、△△寺
・BB区：□□寺
・CC区：△□院
・DD区：□◯院、◯△寺
・EE区：△△院"
